top_depth,base_depth,thickness_ft,angle_deg,gr_mean,gr_std,shape,symmetrical,serrated,WELL
3728.5,3798.0,69.5,70.20722350447794,45.15145142857143,14.213053215540413,FUNNEL,True,False,SRN-2
3798.0,3941.5,143.5,-63.89673723866775,26.246248263888887,11.459725270797279,BELL,True,False,SRN-2
3941.5,4084.0,142.5,-41.89596991994878,41.59074160839161,30.410587675809456,BELL,True,False,SRN-2
4084.0,4203.0,119.0,74.01253748476555,67.23373514644352,30.50728848317374,FUNNEL,True,False,SRN-2
4203.0,4347.0,144.0,-66.76963126694653,36.5177570934256,15.775542657694327,BELL,True,False,SRN-2
4347.0,4611.5,264.5,48.13193762242842,76.63910905660379,12.544856911610667,FUNNEL,True,False,SRN-2
4611.5,4708.5,97.0,-43.16615824363627,73.73562205128205,14.316736547608059,BELL,True,False,SRN-2
4708.5,4774.5,66.0,31.109497773026515,78.5239105263158,3.889776164332724,CYLINDRICAL,False,False,SRN-2
4774.5,4980.0,205.5,-37.32612987805282,68.87170242718447,9.35405323399496,BELL,True,False,SRN-2
4980.0,5175.5,195.5,44.51847451428664,77.26625765306122,6.974522277374593,FUNNEL,True,False,SRN-2
5175.5,5301.5,126.0,-10.623620777843987,65.69806482213438,15.808363980283044,CYLINDRICAL,False,False,SRN-2
5301.5,5435.5,134.0,-0.5971394572025875,67.70531301115241,19.39899978769308,CYLINDRICAL,False,False,SRN-2
5435.5,5551.5,116.0,-37.91890971661436,58.759590557939916,23.678440624627036,BELL,True,False,SRN-2
5551.5,5750.5,199.0,51.4345165902282,75.54273533834586,19.96775612567585,FUNNEL,True,False,SRN-2
5750.5,5863.0,112.5,-76.11735056879861,42.06132610619469,25.15650737780817,BELL,True,False,SRN-2
5863.0,6249.0,386.0,43.747504341163854,84.15548809831823,14.739829053181461,FUNNEL,True,False,SRN-2
6249.0,6360.5,111.5,-70.28423675637877,56.625115625,29.180357499309,BELL,True,False,SRN-2
6360.5,6554.0,193.5,62.93509061554405,79.98832680412372,15.283267631025428,FUNNEL,True,False,SRN-2
6554.0,6677.0,123.0,-59.94960901405802,53.40162348178138,21.44294098919475,BELL,True,False,SRN-2
6677.0,6976.5,299.5,32.29314942350964,79.70848266666667,21.13682573438909,FUNNEL,True,False,SRN-2
6976.5,7135.0,158.5,-55.182907369919675,70.17703144654088,24.88701500734982,BELL,True,False,SRN-2
7135.0,7218.0,83.0,33.3272785590014,93.43057604790418,13.756779866152312,FUNNEL,True,False,SRN-2
7218.0,7318.5,100.5,-28.0852405709188,84.61274603960395,26.685720225861985,CYLINDRICAL,False,False,SRN-2
7318.5,7442.0,123.5,26.828234634842026,94.90009435483871,12.268161749973649,CYLINDRICAL,False,False,SRN-2
7442.0,7512.5,70.5,-42.268735849257226,85.45973802816901,19.264917048683035,BELL,False,False,SRN-2
7512.5,7654.5,142.0,7.1789591987988635,82.33773087719297,26.129294362527435,CYLINDRICAL,False,False,SRN-2
7654.5,7716.5,62.0,75.83758969961146,96.9033824,15.306136730747255,FUNNEL,True,True,SRN-2
7716.5,7830.5,114.0,-70.23712485700091,55.31907991266375,31.115700240635732,BELL,True,True,SRN-2
7830.5,7920.5,90.0,68.07850114684547,82.071491160221,29.233404146876534,FUNNEL,True,True,SRN-2
7920.5,7982.5,62.0,-76.64827183312262,50.08641359999999,14.603163426355778,BELL,True,True,SRN-2
7982.5,8084.0,101.5,34.09633790055759,70.55449460784314,29.12657762954687,FUNNEL,True,True,SRN-2
8084.0,8236.0,152.0,26.619071375039557,75.73590065573771,22.592704042788874,CYLINDRICAL,False,False,SRN-2
8236.0,8358.5,122.5,-0.4877686637125275,90.38047967479672,24.26218807900578,CYLINDRICAL,False,False,SRN-2
250.0,276.5,26.5,9.64669405473822,57.647118518518525,7.328533070764346,CYLINDRICAL,False,False,SRN-9
276.5,550.0,273.5,-26.463520048478905,54.37962773722628,13.317894862338553,CYLINDRICAL,False,False,SRN-9
550.0,679.5,129.5,20.475931328035898,66.88556230769231,15.752133169472954,CYLINDRICAL,False,False,SRN-9
679.5,773.5,94.0,11.623132792360252,60.88000211640212,13.831243341727841,CYLINDRICAL,False,False,SRN-9
773.5,1023.5,250.0,30.42443354071976,69.6106750499002,17.419863558162167,CYLINDRICAL,False,False,SRN-9
1023.5,1126.5,103.0,-56.91266762592714,58.347662944162444,19.634251539142824,BELL,True,False,SRN-9
1126.5,1352.0,225.5,43.582640007856675,60.5443296460177,15.077119944058554,FUNNEL,True,False,SRN-9
1352.0,1502.5,150.5,-43.28083489813113,39.495195364238405,20.333014437969606,BELL,True,False,SRN-9
1502.5,1610.0,107.5,39.22660401805462,48.364668055555555,15.540183493758173,FUNNEL,True,False,SRN-9
1610.0,1818.0,208.0,-33.129120872361966,28.766015347721826,12.739623796750754,BELL,True,False,SRN-9
1818.0,1952.5,134.5,31.76485398078028,30.153263703703704,12.69243104206777,CYLINDRICAL,False,False,SRN-9
1952.5,2305.5,353.0,-22.752510730322538,29.778659547383306,15.463639261848101,CYLINDRICAL,False,False,SRN-9
2305.5,2544.0,238.5,50.05475091489808,45.97396882845188,18.29959689208522,FUNNEL,True,False,SRN-9
2544.0,2963.5,419.5,-48.44069845673264,30.960525238095236,15.726849917847689,BELL,True,False,SRN-9
2963.5,3331.0,367.5,52.26339319709896,59.60034252717391,16.345812442595317,FUNNEL,True,False,SRN-9
3331.0,3439.0,108.0,-63.07191365730731,34.37307281105991,19.81623410507276,BELL,True,True,SRN-9
3439.0,3552.5,113.5,57.610336316893274,56.812898245614036,20.1553436889618,FUNNEL,True,True,SRN-9
3552.5,3847.0,294.5,-39.922842586187905,33.782845084745766,18.872090281702953,BELL,True,True,SRN-9
3847.0,4018.5,171.5,54.16420945983906,62.814547383720935,17.67308082116711,FUNNEL,True,False,SRN-9
4018.5,4139.0,120.5,-53.53517362483646,37.60201198347108,19.09238338773981,BELL,True,True,SRN-9
4139.0,4224.5,85.5,53.13942640492448,47.28121860465116,22.70892727371828,FUNNEL,True,True,SRN-9
4224.5,4355.5,131.0,-70.434485544065,23.250804182509505,8.20287208429775,BELL,True,True,SRN-9
4355.5,4485.5,130.0,63.108389474304616,62.43615057471264,21.861621246534856,FUNNEL,True,True,SRN-9
4485.5,4729.5,244.0,-36.539250907721026,46.760231492842536,16.105644077408694,BELL,True,True,SRN-9
4729.5,5067.0,337.5,45.40179985917363,68.37532795857987,8.368452852857887,FUNNEL,True,False,SRN-9
5067.0,5150.5,83.5,-55.096942784875345,52.14034345238096,10.32438037360527,BELL,True,False,SRN-9
5150.5,5263.5,113.0,21.356846762324203,58.49812731277533,8.884182891273548,CYLINDRICAL,False,False,SRN-9
5263.5,5368.0,104.5,66.03820151795414,64.62014191919192,13.211940841641729,FUNNEL,True,False,SRN-9
5368.0,5594.5,226.5,-64.09438030990036,37.86756321585902,20.562258209730928,BELL,True,False,SRN-9
5594.5,5683.5,89.0,33.27060506334441,55.951844134078215,21.90565780928128,FUNNEL,True,False,SRN-9
5683.5,5803.5,120.0,-24.49241220964172,53.79378713692946,16.543994936114526,CYLINDRICAL,False,False,SRN-9
5803.5,5905.5,102.0,57.492524399314,71.95750195121951,17.988049484775384,FUNNEL,True,True,SRN-9
5905.5,6002.5,97.0,-51.87102300770414,59.748493333333336,19.75250988851554,BELL,True,True,SRN-9
6002.5,6136.5,134.0,49.191142665978546,71.10160855018587,15.945776524920792,FUNNEL,True,True,SRN-9
6136.5,6189.5,53.0,-60.57691142976784,71.53847663551402,16.964920841848976,BELL,True,True,SRN-9
6189.5,6392.0,202.5,43.1525007187858,71.71101650246305,17.312037571516093,FUNNEL,True,True,SRN-9
6392.0,6479.5,87.5,-58.63402519606864,66.07759659090908,22.369853489967298,BELL,True,False,SRN-9
6479.5,6690.0,210.5,46.240373693778494,75.954377014218,15.337487945737935,FUNNEL,True,False,SRN-9
6690.0,6797.0,107.0,-65.89891160856845,57.249733488372094,26.26906994821263,BELL,True,False,SRN-9
6797.0,6971.0,174.0,38.91987848967725,73.53921489971349,16.460282397465274,FUNNEL,True,False,SRN-9
6971.0,7135.5,164.5,-49.02814301344708,61.36614454545455,16.740630053433616,BELL,True,False,SRN-9
7135.5,7345.5,210.0,32.43722896294211,76.31888218527315,14.446233714975241,FUNNEL,True,False,SRN-9
7345.5,7443.5,98.0,-30.448421391470276,63.31135989847716,21.39113702317219,CYLINDRICAL,False,False,SRN-9
7443.5,7520.5,77.0,36.179237138238314,74.45071419354838,12.012820882763005,FUNNEL,True,False,SRN-9
7520.5,7697.5,177.0,-57.200855957727036,57.737995774647885,26.019709916896595,BELL,True,False,SRN-9
7697.5,8225.0,527.5,43.92951870909881,83.56421998106062,13.239550730959133,FUNNEL,True,False,SRN-9
8225.0,8482.5,257.5,-62.08191939579423,52.47424515503876,24.65704842459427,BELL,True,False,SRN-9
8482.5,8962.0,479.5,30.953097940845126,79.56550815677967,18.036512455045862,CYLINDRICAL,False,False,SRN-9
8962.0,9062.5,100.5,13.570348782354191,73.4425400990099,20.20537641066749,CYLINDRICAL,False,False,SRN-9
9062.5,9107.0,44.5,-31.90614236002569,70.97124444444445,24.917282625729257,CYLINDRICAL,False,False,SRN-9
9107.0,9242.5,135.5,11.474171642888336,71.43894705882354,23.820429929211844,CYLINDRICAL,False,False,SRN-9
9242.5,9391.0,148.5,-64.60723770466825,54.53389496644295,25.277484088975264,BELL,True,False,SRN-9
9391.0,9805.5,414.5,41.36285239518926,83.36294530120483,7.579562458106229,FUNNEL,True,False,SRN-9
9805.5,10070.0,264.5,-49.52949322168317,66.84833320754717,24.677214668966506,BELL,True,False,SRN-9
10070.0,10214.5,144.5,46.50608265181509,92.78089620689656,4.279657483710836,FUNNEL,True,False,SRN-9
250.0,251.0,1.0,83.69443470363247,45.9137,6.004320875836002,FUNNEL,True,False,SRN-10
251.0,385.5,134.5,-33.723366473144914,49.85370296296297,10.809360072952144,BELL,True,False,SRN-10
385.5,550.0,164.5,-15.447493963715035,55.2123093939394,16.92521462896372,CYLINDRICAL,False,False,SRN-10
550.0,678.5,128.5,34.264778378569424,69.36427054263567,15.667901923749492,FUNNEL,False,False,SRN-10
678.5,768.5,90.0,5.051382131223826,59.75575414364641,15.058911782968721,CYLINDRICAL,False,False,SRN-10
768.5,949.5,181.0,43.03106248868013,70.76827575757575,17.740431099925473,FUNNEL,True,False,SRN-10
949.5,1083.0,133.5,-36.67068389191042,54.82464034334764,20.06209305383817,BELL,True,False,SRN-10
1083.0,1291.5,208.5,41.346066800606955,61.50381531100478,14.327865606599273,FUNNEL,True,False,SRN-10
1291.5,1498.0,206.5,-46.554067915775875,35.44856256038647,20.67107102132988,BELL,True,False,SRN-10
1498.0,1622.5,124.5,44.45038811189856,49.1404116,14.423668994285244,FUNNEL,True,False,SRN-10
1622.5,1748.0,125.5,-44.543768799433906,32.41448849206349,16.54674433879364,BELL,True,False,SRN-10
1748.0,1856.5,108.5,25.954398289258314,34.08436100917431,16.817866564738562,CYLINDRICAL,False,False,SRN-10
1856.5,2069.0,212.5,-26.421284479675663,32.49678779342723,17.120495783224825,CYLINDRICAL,False,False,SRN-10
2069.0,2240.5,171.5,-10.11359542334296,40.288215988372095,19.868074592309828,CYLINDRICAL,False,False,SRN-10
2240.5,2345.5,105.0,39.68438050080312,39.6326971563981,17.44730294747957,FUNNEL,False,False,SRN-10
2345.5,2542.0,196.5,37.28608370266207,48.86294010152283,18.2298317533667,FUNNEL,True,False,SRN-10
2542.0,2962.0,420.0,-38.884400340686376,32.35862794292509,16.23822524369539,BELL,True,False,SRN-10
2962.0,3026.5,64.5,59.02038543372584,50.960948461538464,19.849100925150374,FUNNEL,True,True,SRN-10
3026.5,3126.5,100.0,-58.55787884319349,31.652287562189056,12.447858557761027,BELL,True,True,SRN-10
3126.5,3502.0,375.5,53.70454512186605,58.98685518617022,17.557527423689724,FUNNEL,True,True,SRN-10
3502.0,3751.0,249.0,-47.18337204255557,32.634753907815636,18.13307102834591,BELL,True,False,SRN-10
3751.0,3837.0,86.0,24.835654526332142,39.624110404624275,23.696241941833378,CYLINDRICAL,False,False,SRN-10
3837.0,3998.0,161.0,-48.53287102312567,32.97566408668731,19.312490173709037,BELL,True,False,SRN-10
3998.0,4143.5,145.5,62.68389270885859,53.819369863013705,22.118319863423977,FUNNEL,True,False,SRN-10
4143.5,4418.5,275.0,-51.394047476858624,32.50601306715063,19.34340158052965,BELL,True,False,SRN-10
4418.5,4544.0,125.5,60.06189261987448,60.41458452380953,22.289548048357513,FUNNEL,True,False,SRN-10
4544.0,4755.5,211.5,-50.88970352064207,34.934201415094336,12.217214614688814,BELL,True,False,SRN-10
4755.5,5213.0,457.5,35.57256073818024,66.18411932314412,8.924648081707375,FUNNEL,True,False,SRN-10
5213.0,5437.0,224.0,-25.33305937043324,58.55622036613273,9.593053294424916,CYLINDRICAL,False,False,SRN-10
5437.0,5625.5,188.5,51.17972405993476,71.82847724867725,6.566780544396581,FUNNEL,True,False,SRN-10
5625.5,5939.0,313.5,-44.631737320223486,55.670775000000006,18.299268247011376,BELL,True,False,SRN-10
5939.0,6085.0,146.0,56.028058493580055,68.43434300341298,15.983922318725517,FUNNEL,True,False,SRN-10
6085.0,6234.0,149.0,-13.903101618106076,60.03786421404681,20.160213614898815,CYLINDRICAL,False,False,SRN-10
6234.0,6368.0,134.0,-62.72866765392171,45.43239628252789,25.943961900744313,BELL,False,False,SRN-10
6368.0,6497.5,129.5,0.8908062845720228,66.16472999999999,17.98445062192359,CYLINDRICAL,False,False,SRN-10
6497.5,6846.5,349.0,45.40569748495983,79.20365779685265,14.433224435601623,FUNNEL,True,False,SRN-10
6846.5,6965.0,118.5,-64.10464009259248,55.19982857142857,28.738993137679458,BELL,True,False,SRN-10
6965.0,7179.0,214.0,45.037284545782654,74.09207645687646,16.659038064230568,FUNNEL,True,False,SRN-10
7179.0,7314.5,135.5,-69.75685293223219,45.589616544117646,19.003996225488102,BELL,True,False,SRN-10
7314.5,7592.0,277.5,33.05517342898022,78.8260535971223,14.892251148459122,FUNNEL,True,False,SRN-10
7592.0,7691.0,99.0,-24.75445326933559,73.23609346733669,17.5395749556949,CYLINDRICAL,False,False,SRN-10
7691.0,7920.0,229.0,44.41389622560503,83.88768104575165,13.060002639437046,FUNNEL,True,False,SRN-10
7920.0,8023.0,103.0,-58.10726724173393,66.36814734299517,26.10711113444683,BELL,True,False,SRN-10
8023.0,8356.0,333.0,38.251386437459864,84.28517181409296,15.374585415040075,FUNNEL,True,False,SRN-10
8356.0,8476.0,120.0,-56.49268687560157,56.6153265560166,28.37310277843952,BELL,True,True,SRN-10
8476.0,8555.5,79.5,58.0521869606725,82.37598375,18.612547865122764,FUNNEL,True,True,SRN-10
8555.5,8693.5,138.0,-53.93627402070819,55.41627436823105,25.179325803411118,BELL,True,True,SRN-10
8693.5,8869.0,175.5,-25.00889313007207,73.98442017045454,20.821441117627973,CYLINDRICAL,False,False,SRN-10
8869.0,8963.0,94.0,-2.1476841810818765,76.45343068783069,24.52638946628432,CYLINDRICAL,False,False,SRN-10
8963.0,9102.0,139.0,17.264377964716903,84.25747158671587,14.659700526311866,CYLINDRICAL,False,False,SRN-10
9102.0,9206.5,104.5,-16.747153781232043,80.87064857142857,20.82459886635727,CYLINDRICAL,False,False,SRN-10
9206.5,9314.0,107.5,18.76276274952447,87.64702361111111,6.442342637484293,CYLINDRICAL,False,False,SRN-10
9314.0,9473.0,159.0,-0.3401672534707615,86.4676576802508,12.275767360649429,CYLINDRICAL,False,False,SRN-10
9473.0,9767.0,294.0,24.758013335954303,94.30260628183362,7.072265724504989,CYLINDRICAL,False,False,SRN-10
9767.0,9891.0,124.0,-34.485497537102,86.67877590361446,8.840208494814409,BELL,True,False,SRN-10
9891.0,10063.5,172.5,41.86949678139011,96.58523815028903,5.140194428813097,FUNNEL,True,False,SRN-10
10063.5,10206.5,143.0,-53.42523769881682,79.35735853658537,20.42960267660705,BELL,True,False,SRN-10
10206.5,10338.5,132.0,27.135786181295327,94.9126124528302,5.063043606484708,CYLINDRICAL,False,False,SRN-10
10338.5,10442.0,103.5,-18.686407484375362,90.09710817307692,8.609815364850062,CYLINDRICAL,False,False,SRN-10
10442.0,10514.0,72.0,5.3047512713926945,94.46546000000001,4.334902523509731,CYLINDRICAL,False,False,SRN-10
